insert into cozinha (id, nome) values (1, 'Tailandesa');
insert into cozinha (id, nome) values (2, 'Indiana');

insert into estado (id, nome) values (1, 'Rio Grande do Norte');
insert into estado (id, nome) values (2, 'São Paulo');
insert into estado (id, nome) values (3, 'Minas Gerais');

insert into cidade (id, nome, estado_id) values (1, 'Natal', 1);
insert into cidade (id, nome, estado_id) values (2, 'Belo Horizonte', 3);
insert into cidade (id, nome, estado_id) values (3, 'São Paulo', 2);
insert into cidade (id, nome, estado_id) values (4, 'Campinas', 2);
insert into cidade (id, nome, estado_id) values (5, 'Uberlândia', 3);

insert into restaurante (nome, taxa_frete, cozinha_id, data_cadastro, data_atualizacao, endereco_cep, endereco_logradouro, endereco_numero, endereco_complemento, endereco_bairro, endereco_cidade_id) values ('Thai Gourmet', 10, 1, utc_timestamp, utc_timestamp, '59400400', 'rua chile', '10', 'Próximo ao porto', 'Ribeira', 1);
insert into restaurante (nome, taxa_frete, cozinha_id, data_cadastro, data_atualizacao) values ('Thai Delivety', 9.50, 1, utc_timestamp, utc_timestamp);
insert into restaurante (nome, taxa_frete, cozinha_id, data_cadastro, data_atualizacao) values ('Tuk Tuk Comida Indiana', 15, 2, utc_timestamp, utc_timestamp);

insert into forma_pagamento (id, descricao) values (1, 'Cartão de crédito');
insert into forma_pagamento (id, descricao) values (2, 'Cartão de débito');
insert into forma_pagamento (id, descricao) values (3, 'Dinheiro');

insert into permissao (id, nome, descricao) values (1, 'CONSULTAR_COZINHAS', 'Permite consultar cozinhas');
insert into permissao (id, nome, descricao) values (2, 'EDITAR_COZINHAS', 'Permite editar cozinhas');
insert into restaurante_forma_pagamento (restaurante_id, forma_pagamento_id) values (1,1), (1,2), (1,3), (2,3), (3,2), (3,3);

insert into produto (descricao, preco, alvo, restaurante_id) values ('Sanduich 200g faaca', 26.90, true, 1);
insert into produto (descricao, preco, alvo, restaurante_id) values ('Sanduich 200g costela', 28.90, true, 1);
insert into produto (descricao, preco, alvo, restaurante_id) values ('Sanduich carne completo pao arabe', 22.00, true, 2);

insert into restaurante_produto (produto_id, restaurante_id) values (1, 1);